{
  "Introduction": "Hi, I'm Kim.$0",
  "danceRejection": "Sorry, I don't want to dance.$0",
  "divorced": "Get away from me, I don't want to see you.$5",
  "dumped_Girls": "...$2",
  "secondChance_Girls": "I guess we can get back together.$h",
  "spring_Mon_1": "Spring is here.$0#$b#That means more rain.",  
  "spring_Mon": "Hi.$0",
  "spring_Mon2": "Hi, @.$0",
  "spring_Mon4": "Hello, @.$0#$b#What are you doing?",
  "spring_Mon6": "Hello, @.$0#$1#Nice day today isn't it?",
  "spring_Mon8": "Hey, @.$h#$b#I kinda spooked myself earlier on accident.$0#$b#I thought a bug landed on me, but it was just a leaf.$7",
  "spring_Mon10": "Hey, babe.$b#How are you doing?$1",
  "spring_Tue": "Hi.$0",
  "spring_Tue2": "It's pretty peaceful here.$h",
  "spring_Tue4": "Pelican Town is really something.$h",
  "spring_Tue6": "Hi, @.$b#Going somewhere?",
  "spring_Tue8": "Hello @.$b#Want to read a book together?$h",
  "spring_Tue10": "Hi @.$b#It's nice today, right?",
  "spring_Wed": "Hi.$0",
  "spring_Wed2": "Hi, @.$0",
  "spring_Wed4": "Hello @.$h",
  "spring_Wed6": "Hi, @.$h#$b#How are you?",
  "spring_Wed8": "@, do you have any pets?$0#$b#I just love seeing the little cuties run around.$h",
  "spring_Wed10": "Hey there, @.$h",
  "spring_Thu": "Hi.$0",
  "spring_Thu2": "The week's almost over.$0",
  "spring_Thu4": "Nice day today.$b#It's very peaceful.$h",
  "spring_Thu6": "So I was thinking.$0#$b#That farm of yours, who owned the plot before you?$0#$b#Eh, you don't have to answer that.",
  "spring_Thu8": "Hi @.$h#$b#What are you up to?",
  "spring_Thu10": "Hey @.$h#$b#Do you enjoy the farm life?",
  "spring_Fri": "Hello.$0",
  "spring_Fri2": "Hi, @.$0",
  "spring_Fri4": "Hello, @.$0#$b#What are you doing?",
  "spring_Fri6": "Hello, @.$0#$1#Nice day today isn't it?",
  "spring_Fri8": "Hey, @.$h",
  "spring_Fri10": "Hey, babe.$b#How are you doing?$1",
  "summer_Mon_1": "Summer is here.$0#$b#It's starting to get much hotter.$2",  
  "summer_Mon": "Hi.$0",
  "summer_Mon2": "Hi, @.$0",
  "summer_Mon4": "Hello, @.$0#$b#What are you doing?",
  "summer_Mon6": "Hello, @.$0#$1#Nice day today isn't it?",
  "summer_Mon8": "Hey, @.$h",
  "summer_Mon10": "Hey, babe.$b#How are you doing?$1",
  "summer_Tue": "Hi.$0",
  "summer_Tue2": "It's pretty peaceful here.$h",
  "summer_Tue4": "Pelican Town is really something.$h",
  "summer_Tue6": "Hi, @.$b#Going somewhere?",
  "summer_Tue8": "Hello @.$b#Want to read a book together?$h",
  "summer_Tue10": "Hi @.$b#It's nice today, right?",
  "summer_Wed": "Hi.$0",
  "summer_Wed2": "Hi, @.$0",
  "summer_Wed4": "Hello @.$h",
  "summer_Wed6": "Hi, @.$h#$b#How are you?",
  "summer_Wed8": "Hi @.$h#$b#I'm enjoying today.",
  "summer_Wed10": "Hey there, @.$h",
  "summer_Thu": "Hi.$0",
  "summer_Thu2": "The week's almost over.$0",
  "summer_Thu4": "Nice day today.$b#It's very peaceful.$h",
  "summer_Thu6": "Hi @.$0#$b#Doesn't Cindersap Forest look wonderful?$h",
  "summer_Thu8": "Hi @.$h#$b#What are you up to?",
  "summer_Thu10": "Hey @.$h#$b#Do you enjoy the farm life?$h$b#",
  "summer_Fri": "Hello.$0",
  "summer_Fri2": "Hi, @.$0$b#It's really hot.",
  "summer_Fri4": "Hello, @.$0#$b#What are you doing?",
  "summer_Fri6": "So I was thinking.$0#$b#That farm of yours, who owned the plot before you?$0#$b#Eh, you don't have to answer that.",
  "summer_Fri8": "Hey, @.$h",
  "summer_Fri10": "Hey, babe.$b#How are you doing?$1",
  "fall_Mon_1": "Fall, my favorite season.$h#$b#The leaves falling, the cool air, what more can Fall bring us?",
  "fall_Mon": "Hi.$0",
  "fall_Mon2": "Hi, @.$0",
  "fall_Mon4": "Hello, @.$0#$b#What are you doing?",
  "fall_Mon6": "Hello, @.$0#$1#Nice day today isn't it?",
  "fall_Mon8": "Hey, @.$h",
  "fall_Mon10": "Hey, babe.$b#How are you doing?$1",
  "fall_Tue": "Hi.$0",
  "fall_Tue2": "It's pretty peaceful here.$h",
  "fall_Tue4": "Pelican Town is really something.$h",
  "fall_Tue6": "Hi, @.$b#Going somewhere?",
  "fall_Tue8": "Hello @.$b#Want to read a book together?$h",
  "fall_Tue10": "Hi @.$b#It's nice today, right?",
  "fall_Wed": "Hi.$0",
  "fall_Wed2": "Hi, @.$0",
  "fall_Wed4": "Hello @.$h",
  "fall_Wed6": "Hi, @.$h#$b#How are you?",
  "fall_Wed8": "Hey, @.$h#$b#I kinda spooked myself earlier on accident.$0#$b#I thought a bug landed on me, but it was just a leaf.$7",
  "fall_Wed10": "Hey there, @.$h",
  "fall_Thu": "Hi.$0",
  "fall_Thu2": "The week's almost over.$0",
  "fall_Thu4": "Nice day today.$b#It's very peaceful.$h",
  "fall_Thu6": "Hi @.$0#$b#Doesn't Cindersap Forest look wonderful?$h",
  "fall_Thu8": "Hi @.$h#$b#What are you up to?",
  "fall_Thu10": "Hey @.$h#$b#Do you enjoy the farm life?",
  "fall_Fri": "Hello.$0",
  "fall_Fri2": "Hi, @.$0$b#It's kinda cold today.",
  "fall_Fri4": "Hello, @.$0#$b#What are you doing?",
  "fall_Fri6": "Hello, @.$0#$1#Nice day today isn't it?",
  "fall_Fri8": "Hey, @.$h",
  "fall_Fri10": "Hey, babe.$b#How are you doing?$1",
  "winter_Mon_1": "Brr...it's winter now.$2#$b#Luckily, I have hot chocolate.$h",
  "winter_Mon": "Hi.$0",
  "winter_Mon2": "Hi, @.$0",
  "winter_Mon4": "Hello, @.$0#$b#What are you doing?",
  "winter_Mon6": "Brr...it's very cold today.$2",
  "winter_Mon8": "Hey, @.$h",
  "winter_Mon10": "Hey, babe.$b#How are you doing?$1",
  "winter_Tue": "Hi.$0",
  "winter_Tue2": "It's pretty peaceful here.$h",
  "winter_Tue4": "Pelican Town is really something.$h",
  "winter_Tue6": "Hi, @.$b#Going somewhere?",
  "winter_Tue8": "Hello @.$b#Want to read a book together?$h",
  "winter_Tue10": "Hi @.$b#I can't believe winter came so fast.$0",
  "winter_Wed": "Hi.$0",
  "winter_Wed2": "Hi, @.$0",
  "winter_Wed4": "Hello @.$h",
  "winter_Wed6": "Hi, @.$h#$b#How are you?",
  "winter_Wed8": "Hi @.$h#$b#I'm enjoying today.",
  "winter_Wed10": "Hey there, @.$h",
  "winter_Thu": "Hi.$0",
  "winter_Thu2": "The week's almost over.$0",
  "winter_Thu4": "Nice day today.$b#It's very peaceful.$h",
  "winter_Thu6": "Brr...it's very cold today.$2",
  "winter_Thu8": "Hi @.$h#$b#What are you up to?",
  "winter_Thu10": "Hey @.$h#$b#Do you enjoy the farm life?",
  "winter_Fri": "Hello.$0",
  "winter_Fri2": "Hi, @.$0#$b#It's pretty cold today.",
  "winter_Fri4": "Hello, @.$0#$b#What are you doing?",
  "winter_Fri6": "Brr...it's very cold today.$2",
  "winter_Fri8": "Hey, @.$h",
  "winter_Fri10": "Hey, babe.$b#How are you doing?$1",
  "Sat": "@, do you enjoy the weekends?$h",
  "Sun": "Hey @.$h#$b#What are you doing?",
  "Sat2": "@, do you enjoy the weekends?$h",
  "Sun2": "Hey @.$h#$b#What are you doing?",
  "Sat4": "@, do you enjoy the weekends?$h#$b#I bet it's nice to relax every once in a while.$0",
  "Sun4": "Hey @.$h#$b#How's your farm doing?$0#$b#Hopefully you can make some profit!$7",
  "Sat6": "@, do you enjoy the weekends?$h#$b#It must be nice to relax every once in a while.$0",
  "Sun6": "Hey @.$h#$b#Do you like farming?$0#$b#I kinda wish I owned a farm myself.$7",
  "Sat8": "@, do you enjoy the weekends?$h#$b#It must be nice to relax every once in a while.$0",
  "Sun8": "Hey @.$h#$b#Do you like farming?$0#$b#I kinda wish I owned a farm myself.$7",
  "Sat10": "@, do you enjoy the weekends?$h#$b#Taking a break every once in a while can help you work better.$0",
  "Sun10": "Hey babe.$h#$b#How's your farm doing?$0#$b#Hopefully you can make some profit!$7",
}