{
     "Changes": [
	{
      "LogName": "NPC Portrait",
      "Action": "Load",
      "Target": "Portraits/Kim",
      "FromFile": "assets/img/Kim_{{season}}.png",
      "When": {
          "DayEvent |contains=egg festival": "false",
          }                 
    },
	{
      "LogName": "NPC Portrait",
      "Action": "Load",
      "Target": "Portraits/Kim",
      "FromFile": "assets/img/Kim_EggFestival.png",
	  "When": {
	      "DayEvent": "egg festival",
		  }
    },
	{
      "LogName": "NPC Portrait",
      "Action": "EditImage",
      "Target": "Portraits/Kim",
      "FromFile": "assets/img/Kim_FlowerDance.png",
	  "When": {
	      "DayEvent": "flower dance",
		  }
    },
	{
      "LogName": "NPC Sprite",
      "Action": "Load",
      "Target": "Characters/Kim",
      "FromFile": "assets/img/Kim Sprite_{{season}}.png",
      "When": {
          "DayEvent |contains=egg festival": "false",
          }   
    },
	{
      "LogName": "NPC Sprite",
      "Action": "Load",
      "Target": "Characters/Kim",
      "FromFile": "assets/img/Kim Sprite_EggFestival.png",
	  "When": {
	      "DayEvent": "egg festival",
		  }
    },
	{
      "LogName": "NPC Sprite",
      "Action": "EditImage",
      "Target": "Characters/Kim",
      "FromFile": "assets/img/Kim Sprite_FlowerDance.png",
	  "When": {
	      "DayEvent": "flower dance",
		  }
    },
//New
	{
      "LogName": "NPC Portrait",
      "Action": "Load",
      "Target": "Portraits/Kim_Beach",
      "FromFile": "assets/img/Kim_summer.png"      
    },
	{
      "LogName": "NPC Sprite",
      "Action": "EditImage",
      "Target": "Characters/Kim_Beach",
      "FromFile": "assets/img/Kim Sprite_summer.png"
    },
  ]
}