{
     "Changes": [
                {
                    "Action": "EditData",
                    "Target": "Data/Festivals/spring13",
                    "TextOperations":
                    [
                        {
                            "Operation": "Append",
                            "Target": ["Entries", "Set-Up_additionalCharacters"],
                            "Value": "Kim 46 57 down",
                            "Delimiter": "/"
                        },
                    ],
                        "When": { "HasMod: |contains=FlashShifter.StardewValleyExpandedCP": false, },                       
                },

                        {
                            "Action": "EditData",
                            "Target": "Data/Festivals/spring13",
                            "TextOperations":
                            [
                                {
                                    "Operation": "Append",
                                    "Target": ["Entries", "Set-Up_additionalCharacters"],
                                    "Value": "Kim 46 56 down",
                                    "Delimiter": "/"
                                },
                            ],
                                "When": { "HasMod: |contains=FlashShifter.StardewValleyExpandedCP": true, },                            
                        },  
         
                    {
                        "Action": "EditData",
                        "Target": "Data/Festivals/spring24",
                        "TextOperations":
                        [
                            {
                                "Operation": "Append",
                                "Target": ["Entries", "Set-Up_additionalCharacters"],
                                "Value": "Kim 7 41 down",
                                "Delimiter": "/"
                            },
                        ]   
                    },
                    {
                        "Action": "EditData",
                        "Target": "Data/Festivals/spring24",
                        "TextOperations":
                        [
                            {
                                "Operation": "Append",
                                "Target": ["Entries", "MainEvent_additionalCharacters"],
                                "Value": "Kim 7 41 down",
                                "Delimiter": "/"
                            },
                        ]   
                    },
                {
                    "Action": "EditData",
                    "Target": "Data/Festivals/summer5",
                    "TextOperations":
                    [
                        {
                            "Operation": "Append",
                            "Target": ["Entries", "Set-Up_additionalCharacters"],
                            "Value": "Kim 37 24 down",
                            "Delimiter": "/"
                        },
                    ]   
                },         
                    {
                        "Action": "EditData",
                        "Target": "Data/Festivals/summer11",
                        "TextOperations":
                        [
                            {
                                "Operation": "Append",
                                "Target": ["Entries", "Set-Up_additionalCharacters"],
                                "Value": "Kim 37 24 down",
                                "Delimiter": "/"
                            },
                        ]   
                    },
                    {
                        "Action": "EditData",
                        "Target": "Data/Festivals/summer11",
                        "TextOperations":
                        [
                            {
                                "Operation": "Append",
                                "Target": ["Entries", "MainEvent_additionalCharacters"],
                                "Value": "Kim 37 24 down",
                                "Delimiter": "/"
                            },
                        ]   
                    },               
                    {
                        "Action": "EditData",
                        "Target": "Data/Festivals/summer28",
                        "TextOperations":
                        [
                            {
                                "Operation": "Append",
                                "Target": ["Entries", "Set-Up_additionalCharacters"],
                                "Value": "Kim 28 36 down",
                                "Delimiter": "/"
                            },
                        ]   
                    },              
                    {
                        "Action": "EditData",
                        "Target": "Data/Festivals/fall16",
                        "TextOperations":
                        [
                            {
                                "Operation": "Append",
                                "Target": ["Entries", "Set-Up_additionalCharacters"],
                                "Value": "Kim 22 48 down",
                                "Delimiter": "/"
                            },
                        ]   
                    },                
                    {
                        "Action": "EditData",
                        "Target": "Data/Festivals/fall27",
                        "TextOperations":
                        [
                            {
                                "Operation": "Append",
                                "Target": ["Entries", "Set-Up_additionalCharacters"],
                                "Value": "Kim 15 25 left",
                                "Delimiter": "/"
                            },
                        ],
                            "When": { "HasMod: |contains=FlashShifter.StardewValleyExpandedCP": false, },                          
                    },               
                            {
                                "Action": "EditData",
                                "Target": "Data/Festivals/fall27",
                                "TextOperations":
                                [
                                    {
                                        "Operation": "Append",
                                        "Target": ["Entries", "Set-Up_additionalCharacters"],
                                        "Value": "Kim 16 25 left",
                                        "Delimiter": "/"
                                    },
                                ],
                                    "When": { "HasMod: |contains=FlashShifter.StardewValleyExpandedCP": true, },                                  
                            },              
                    {
                        "Action": "EditData",
                        "Target": "Data/Festivals/winter8",
                        "TextOperations":
                        [
                            {
                                "Operation": "Append",
                                "Target": ["Entries", "Set-Up_additionalCharacters"],
                                "Value": "Kim 45 58 down",
                                "Delimiter": "/"
                            },
                        ]   
                    },
                    {
                        "Action": "EditData",
                        "Target": "Data/Festivals/winter8",
                        "TextOperations":
                        [
                            {
                                "Operation": "Append",
                                "Target": ["Entries", "Main-Event_additionalCharacters"],
                                "Value": "Kim 45 58 down",
                                "Delimiter": "/"
                            },
                        ]   
                    },                
                    {
                        "Action": "EditData",
                        "Target": "Data/Festivals/winter25",
                        "TextOperations":
                        [
                            {
                                "Operation": "Append",
                                "Target": ["Entries", "Set-Up_additionalCharacters"],
                                "Value": "Kim 24 62 down",
                                "Delimiter": "/"
                            },
                     ]   
              }  
       ]
}