{
     "Changes": [
	{
      "LogName": "Kim - Juliet",
      "Action": "EditData",
      "Target": "Characters/Dialogue/Kim",
      "Entries": {
                   "14" : "Juliet definitely has an outgoing personality.$0#$b#I know making friends would help me overcome my shyness, but I don't think I could be friends with her.$2",
                   "9" : "Juliet definitely has an outgoing personality.$0#$b#I know making friends would help me overcome my shyness, but I don't think I could be friends with her.$2",
                 }
           }
     ]
}