{
   "Name": "Sweet Vermillion Wine",
   "Price": 1000,
   "Description": "The sweetest wine you've ever tasted.",
   "Category": "ArtisanGoods",
   "Edibility": 94,
   "Recipe": null,
   "EdibleIsDrink": true,
   "EdibleBuffs":
        {
        "Farming": 0,
        "Fishing": 0,
        "Mining": 0,
        "Luck": 10,
        "Foraging": 0,
        "MaxStamina": 0,
        "MagnetRadius": 0,
        "Speed": 0,
        "Defense": 0,
        "Attack": 0,
        "Duration": 350,
    	},
  "Recipe": {
    "ResultCount": 1,
    "Ingredients": [
      {
        "Object": 348,
        "Count": 1,
      },
      {
        "Object": 268,
        "Count": 1,
      },
      {
        "Object": 414,
        "Count": 1,
      },
      {
        "Object": 638,
        "Count": 1,
      },
    ],
    "CanPurchase": false,
  },
"GiftTastes": {
	"Love": ["Evelyn", "Gus", "Kim", "Kent", "Pam"],
	"Like": ["Abigail", "Alex", "Caroline", "Clint", "Demetrius", "Dwarf", "Elliott", "Emily", "George", "Haley", "Harvey", "Jodi", "Krobus", "Leah", "Lewis", "Linus", "Marnie", "Maru", "Penny", "Pierre", "Robin", "Sam", "Sandy", "Sebastian", "Shane", "Willy", "Wizard"],
        "Neutral": ["Vincent", "Jas"]
  }  
}