{
  "spring": "700 Town 34 73 3/1100 SeedShop 3 23 2 \"Strings\\schedules\\Kim:shopping.000\"/1500 Town 25 22 2/1900 Saloon 17 20 0 \"Strings\\schedules\\Kim:drinking.000\"/2400 BusStop 12 10 0",
  "summer": "700 Town 34 73 3/1100 SeedShop 3 23 2 \"Strings\\schedules\\Kim:shopping.000\"/1500 Town 25 22 2/1900 Saloon 17 20 0 \"Strings\\schedules\\Kim:drinking.000\"/2400 BusStop 12 10 0",
  "fall": "700 Town 34 73 3/1100 SeedShop 3 23 2 \"Strings\\schedules\\Kim:shopping.000\"/1500 Town 25 22 2/1900 Saloon 17 20 0 \"Strings\\schedules\\Kim:drinking.000\"/2400 BusStop 12 10 0",
  "winter": "700 Town 34 73 3/1100 SeedShop 3 23 2 \"Strings\\schedules\\Kim:shopping.000\"/1500 Town 25 22 2/1900 Saloon 17 20 0 \"Strings\\schedules\\Kim:drinking.000\"/2400 BusStop 12 10 0",
  "rain": "630 Town 34 73 3/1100 SeedShop 3 23 2 \"Strings\\schedules\\Kim:shopping.000\"/1500 Town 25 22 2/1900 Saloon 17 20 0 \"Strings\\schedules\\Kim:drinking.000\"/2400 BusStop 12 10 0",
  "marriage_Tue": "730 Town 34 73 3/1100 Town 52 69 0/1500 Town 25 22 2/1900 Saloon 17 20 0 \"Strings\\schedules\\Kim:married.001\"/2400 BusStop 12 10 0",
  "marriage_Thu": "730 Town 34 73 3/1100 Town 52 69 0/1500 Town 25 22 2/1900 Saloon 17 20 0 \"Strings\\schedules\\Kim:married.001\"/2400 BusStop 12 10 0",
}
