{
  "Format": "1.24.0",
  "ConfigSchema": {
        "Seasonal-Outfit": {    
                    "AllowValues": "true, false",       
                    "Default": "true"
                }
         },
   "Changes": [
    {
      "Action": "Include",
      "FromFile": "assets/includes/KimNPC.json",
      "When": {
          "HasMod|contains=KimBoardingHouse.ExnoticTest": "false"
        }
    },
    {
      "Action": "Include",
      "FromFile": "assets/includes/KimNPC_BoardingHouse.json",
      "When": {
          "HasMod": "KimBoardingHouse.ExnoticTest"
        }
    },
    {
      "Action": "Include",
      "FromFile": "assets/includes/KimNPC_SVE.json",
      "When": {
          "HasMod|contains=KimBoardingHouse.ExnoticTest": "false",
          "HasMod|contains=FlashShifter.StardewValleyExpandedCP": "true"
        }
    },
    {
      "Action": "Include",
      "FromFile": "assets/includes/KimNPC_BoardingHouse_SVE.json",
      "When": {
          "HasMod|contains=KimBoardingHouse.ExnoticTest": "true",
          "HasMod|contains=FlashShifter.StardewValleyExpandedCP": "true"
        }
    },
    {
      "Action": "Include",
      "FromFile": "assets/includes/KimCharacter.json",
      "When": {
          "Seasonal-Outfit": "true"
        }
    },
    {
      "Action": "Include",
      "FromFile": "assets/includes/KimCharacter-2.json",
      "When": {
          "Seasonal-Outfit": "false"
        }
    },
    {
      "Action": "Include",
      "FromFile": "assets/includes/KimFestival.json",
    },
    {
      "Action": "Include",
      "FromFile": "assets/includes/KimFDialogue.json",
    },
    {
      "Action": "Include",
      "FromFile": "assets/includes/KimToshi-CT.json",
      "When": {
          "HasMod|contains=FuzzyMittens.Toshinori": "true"
        }
    },
    {
      "Action": "Include",
      "FromFile": "assets/includes/KimToshi.json",
      "When": {
          "HasMod|contains=FuzzyMittens.Toshinori": "true"
        }
    },
    {
      "Action": "Include",
      "FromFile": "assets/includes/KimShouko.json",
      "When": {
          "HasMod|contains=Enderwarrior360.ShoukoNishimiyaMod": "true"
        }
    },
    {
      "Action": "Include",
      "FromFile": "assets/includes/KimMike.json",
      "When": {
          "HasMod|contains=SYS.mike": "true"
        }
    },
    {
      "Action": "Include",
      "FromFile": "assets/includes/KimShiko.json",
      "When": {
          "HasMod|contains=Papaya.ShikoTakahashi": "true"
        }
    },
    {
      "Action": "Include",
      "FromFile": "assets/includes/KimDelores.json",
      "When": {
          "HasMod|contains=blaaze6.Delores": "true"
        }
    },
    {
      "Action": "Include",
      "FromFile": "assets/includes/KimJuliet.json",
      "When": {
          "HasMod|contains=LemurKat.JulietHouse.NPC": "true"
        }
    },
 //unfinished - expect events coming in 4.0.0, current status as of 3.9.0: nothing major done yet, just wrote the code for the event characters
  /*{
      "Action": "Include",
      "FromFile": "assets/includes/EventCharacters.json",
    },
    {
      "Action": "Include",
      "FromFile": "assets/includes/KimEvents.json",
    },*/
    {
      "LogName": "Engagement Dialogue",
      "Action": "EditData",
      "Target": "Data/EngagementDialogue",
      "Entries": {
        "Kim0": "Wow, I can't believe I'm getting married!$h",
        "Kim1": "I can't wait!$4"
      }
    },
    {
      "LogName": "Marriage Dialogue",
      "Action": "Load",
      "Target": "Characters/Dialogue/MarriageDialogueKim",
      "FromFile": "assets/dialogue/MarriageDialogue.json",
      "When": 
       {
           "HasMod |contains=malic.cp.jadeNPC": "true"
       }
    },
    {
      "LogName": "Marriage Dialogue",
      "Action": "Load",
      "Target": "Characters/Dialogue/MarriageDialogueKim",
      "FromFile": "assets/dialogue/MarriageDialogueNoJade.json",
      "When": 
       {
           "HasMod |contains=malic.cp.jadeNPC": "false"
       }
    },
    {
      "LogName": "SVW - BAGI Wine Sprite",
      "Action": "EditImage",
      "Target": "{{spacechase0.JsonAssets/ObjectSpriteTilesheet:Sweet Vermillion Wine}}",
      "FromFile": "assets/img/object_BAGI.png",
      "When": {
          "HasMod |contains=spacechase0.JsonAssets": "true",
          "HasMod |contains=Cat.BetterArtisanGoodIcons": "true",
          "HasMod |contains=Cheerybelle.CompromiseBAGI": "true",
          "HasMod |contains=JyeulDessert.ExnoticTest": "true"
         }
      },
      {
        "Action": "EditData",
        "Target": "Data/SpouseRooms",
        "Entries": {
          "Kim": "Kim_SpouseRoom/0"
         }
      },
      {
         "Action": "Load",
         "Target": "Maps/Kim_SpouseRoom",
         "FromFile": "maps/SpouseRoom_Kim.tmx"
      },
      {
         "Action": "EditMap",
         "Target": "Maps/Town",
         "FromFile": "maps/KimShopTMX.tmx",
         "FromArea": { "X": 0, "Y": 0, "Width": 6, "Height": 4 },
         "ToArea": { "X": 60, "Y": 22, "Width": 6, "Height": 4 },
      },
      {
         "Action": "Load",
         "Target": "Maps/KimShop",
         "FromFile": "maps/KimJyeulShopTile.png"
      },
      {
         "Action": "EditImage",
         "PatchMode": "Replace",
         "Target": "Maps/KimShop",
         "FromFile": "maps/KimJyeulShopTileMarried.png",
         "When": {
        "Relationship:Kim": "Married"
          }
      },
      {
         "Action": "EditImage",
         "PatchMode": "Replace",
         "Target": "Maps/KimShop",
         "FromFile": "maps/KimJyeulShopTileWinter.png",
         "When": {
        "season": "winter"
          }
      },
      {
         "Action": "EditData",
         "Target": "Characters/schedules/Kim",
         "Entries": {
           "spring_Tue": "700 Town 63 24 2/1900 Saloon 18 20 0 \"Strings\\schedules\\Kim:drinking.000\"/2400 BusStop 12 10 0",
           "spring_Wed": "700 Town 63 24 2/1900 Saloon 18 20 0 \"Strings\\schedules\\Kim:drinking.000\"/2400 BusStop 12 10 0",
           "spring_Thu": "700 Town 63 24 2/1900 Saloon 18 20 0 \"Strings\\schedules\\Kim:drinking.000\"/2400 BusStop 12 10 0",
           "spring_Sat": "700 Town 63 24 2/1900 Saloon 18 20 0 \"Strings\\schedules\\Kim:drinking.000\"/2400 BusStop 12 10 0",
           "spring_Sun": "700 Town 63 24 2/1900 Saloon 18 20 0 \"Strings\\schedules\\Kim:drinking.000\"/2400 BusStop 12 10 0",
           "summer_Tue": "700 Town 63 24 2/1900 Saloon 18 20 0 \"Strings\\schedules\\Kim:drinking.000\"/2400 BusStop 12 10 0",
           "summer_Wed": "700 Town 63 24 2/1900 Saloon 18 20 0 \"Strings\\schedules\\Kim:drinking.000\"/2400 BusStop 12 10 0",
           "summer_Thu": "700 Town 63 24 2/1900 Saloon 18 20 0 \"Strings\\schedules\\Kim:drinking.000\"/2400 BusStop 12 10 0",
           "summer_Sat": "700 Town 63 24 2/1900 Saloon 18 20 0 \"Strings\\schedules\\Kim:drinking.000\"/2400 BusStop 12 10 0",
           "summer_Sun": "700 Town 63 24 2/1900 Saloon 18 20 0 \"Strings\\schedules\\Kim:drinking.000\"/2400 BusStop 12 10 0",
           "fall_Tue": "700 Town 63 24 2/1900 Saloon 18 20 0 \"Strings\\schedules\\Kim:drinking.000\"/2400 BusStop 12 10 0",
           "fall_Wed": "700 Town 63 24 2/1900 Saloon 18 20 0 \"Strings\\schedules\\Kim:drinking.000\"/2400 BusStop 12 10 0",
           "fall_Thu": "700 Town 63 24 2/1900 Saloon 18 20 0 \"Strings\\schedules\\Kim:drinking.000\"/2400 BusStop 12 10 0",
           "fall_Sat": "700 Town 63 24 2/1900 Saloon 18 20 0 \"Strings\\schedules\\Kim:drinking.000\"/2400 BusStop 12 10 0",
           "fall_Sun": "700 Town 63 24 2/1900 Saloon 18 20 0 \"Strings\\schedules\\Kim:drinking.000\"/2400 BusStop 12 10 0",
          },
        "When": {
          "HasMod|contains=KimBoardingHouse.ExnoticTest": "false",
          "Relationship:Kim": "Unmet, Friendly, Dating, Engaged, Divorced"
          },
      },
      {
         "Action": "EditData",
         "Target": "Characters/schedules/Kim",
         "Entries": {
           "spring_Tue": "700 Town 63 24 2/1900 Saloon 18 20 0 \"Strings\\schedules\\Kim:drinking.000\"/2400 BoardingHouse2 30 3 0",
           "spring_Wed": "700 Town 63 24 2/1900 Saloon 18 20 0 \"Strings\\schedules\\Kim:drinking.000\"/2400 BoardingHouse2 30 3 0",
           "spring_Thu": "700 Town 63 24 2/1900 Saloon 18 20 0 \"Strings\\schedules\\Kim:drinking.000\"/2400 BoardingHouse2 30 3 0",
           "spring_Sat": "700 Town 63 24 2/1900 Saloon 18 20 0 \"Strings\\schedules\\Kim:drinking.000\"/2400 BoardingHouse2 30 3 0",
           "spring_Sun": "700 Town 63 24 2/1900 Saloon 18 20 0 \"Strings\\schedules\\Kim:drinking.000\"/2400 BoardingHouse2 30 3 0",
           "summer_Tue": "700 Town 63 24 2/1900 Saloon 18 20 0 \"Strings\\schedules\\Kim:drinking.000\"/2400 BoardingHouse2 30 3 0",
           "summer_Wed": "700 Town 63 24 2/1900 Saloon 18 20 0 \"Strings\\schedules\\Kim:drinking.000\"/2400 BoardingHouse2 30 3 0",
           "summer_Thu": "700 Town 63 24 2/1900 Saloon 18 20 0 \"Strings\\schedules\\Kim:drinking.000\"/2400 BoardingHouse2 30 3 0",
           "summer_Sat": "700 Town 63 24 2/1900 Saloon 18 20 0 \"Strings\\schedules\\Kim:drinking.000\"/2400 BoardingHouse2 30 3 0",
           "summer_Sun": "700 Town 63 24 2/1900 Saloon 18 20 0 \"Strings\\schedules\\Kim:drinking.000\"/2400 BoardingHouse2 30 3 0",
           "fall_Tue": "700 Town 63 24 2/1900 Saloon 18 20 0 \"Strings\\schedules\\Kim:drinking.000\"/2400 BoardingHouse2 30 3 0",
           "fall_Wed": "700 Town 63 24 2/1900 Saloon 18 20 0 \"Strings\\schedules\\Kim:drinking.000\"/2400 BoardingHouse2 30 3 0",
           "fall_Thu": "700 Town 63 24 2/1900 Saloon 18 20 0 \"Strings\\schedules\\Kim:drinking.000\"/2400 BoardingHouse2 30 3 0",
           "fall_Sat": "700 Town 63 24 2/1900 Saloon 18 20 0 \"Strings\\schedules\\Kim:drinking.000\"/2400 BoardingHouse2 30 3 0",
           "fall_Sun": "700 Town 63 24 2/1900 Saloon 18 20 0 \"Strings\\schedules\\Kim:drinking.000\"/2400 BoardingHouse2 30 3 0",
          },
        "When": {
          "HasMod": "KimBoardingHouse.ExnoticTest",
          "Relationship:Kim": "Unmet, Friendly, Dating, Engaged, Divorced"
          },
      }
   ]
}